{"cameraMode":{"drawMode":0,"name":"Shaded","section":"Shading Mode"},"sceneLighting":false,"audioPlay":false,"sceneViewState":{"m_AlwaysRefresh":false,"showFog":true,"showSkybox":false,"showFlares":true,"showImageEffects":true,"showParticleSystems":true,"showVisualEffectGraphs":true,"m_FxEnabled":true},"in2DMode":false,"pivot":{"x":-1.1435599327087403,"y":10.182167053222657,"z":-4.837467670440674},"rotation":{"x":-0.16770631074905396,"y":0.03370263800024986,"z":-0.0057344743981957439,"w":-0.9852529764175415},"size":2.4578051567077638,"orthographic":false}