{"cameraMode":{"drawMode":0,"name":"Shaded","section":"Shading Mode"},"sceneLighting":false,"audioPlay":false,"sceneViewState":{"m_AlwaysRefresh":false,"showFog":true,"showSkybox":false,"showFlares":true,"showImageEffects":true,"showParticleSystems":true,"showVisualEffectGraphs":true,"m_FxEnabled":true},"in2DMode":false,"pivot":{"x":0.7425994277000427,"y":1.9877409934997559,"z":1.9690762758255005},"rotation":{"x":0.09017598628997803,"y":0.16061750054359437,"z":-0.014737662859261036,"w":0.9827778339385986},"size":2.59690523147583,"orthographic":true}